{
    "variables": {
        "NumberAdsZTube": -0.0,
        "NumberAdsSoorchle": -0.0,
        "NumberAdsWassa": -0.0,
        "xZ": 1e+30,
        "xS": 1e+30,
        "xW": 9.999985000007499e+29
    },
    "objective": 4.0799999550000226e+35
}