{
    "variables": {
        "QuantityFeedA": 1.0638297872340428,
        "QuantityFeedB": 2.765957446808511
    },
    "objective": 327.6595744680851
}